Screen_ID,Screen_Name,Referrer_Screen_Name,Flow_Group,Event_Type,Properties_JSON_Schema,Outbound_Navigation_Paths,Screenshot_Repository_URL
SCR_01,LAUNCH_SPLASH_SCREEN,OS_LAUNCHER,"1. Acquisition, Auth & Onboarding",screen_view,"{""event"": ""screen_view"", ""screen_name"": ""LAUNCH_SPLASH_SCREEN"", ""referrer_screen_name"": ""OS_LAUNCHER"", ""app_version"": ""9.11.2"", ""platform"": ""android"", ""device_language"": ""en""}",Unauthenticated user detected -> AUTH_MOBILE_LOGIN_SCREEN | Authenticated returning user -> HOME_FEED_DASHBOARD_SCREEN | Authenticated without target goals -> ONBOARDING_GOAL_SELECTION_SCREEN,https://github.com/manjot-testbook/TBAppScreens/blob/main/screenshots/01_launch.png
SCR_02,AUTH_MOBILE_LOGIN_SCREEN,LAUNCH_SPLASH_SCREEN,"1. Acquisition, Auth & Onboarding",screen_view,"{""event"": ""screen_view"", ""screen_name"": ""AUTH_MOBILE_LOGIN_SCREEN"", ""referrer_screen_name"": ""LAUNCH_SPLASH_SCREEN"", ""auth_method"": ""phone"", ""has_google_hint_used"": false}",Submit 10-digit mobile number -> AUTH_OTP_VERIFICATION_SCREEN,https://github.com/manjot-testbook/TBAppScreens/blob/main/screenshots/02_login_screen.png
SCR_03,AUTH_OTP_VERIFICATION_SCREEN,AUTH_MOBILE_LOGIN_SCREEN,"1. Acquisition, Auth & Onboarding",screen_view,"{""event"": ""screen_view"", ""screen_name"": ""AUTH_OTP_VERIFICATION_SCREEN"", ""referrer_screen_name"": ""AUTH_MOBILE_LOGIN_SCREEN"", ""auth_method"": ""otp"", ""otp_length"": 6, ""is_auto_read_enabled"": true}",OTP verified successfully (new user) -> ONBOARDING_GOAL_SELECTION_SCREEN | OTP verified successfully (returning user) -> HOME_FEED_DASHBOARD_SCREEN | Tap 'change' number -> AUTH_MOBILE_LOGIN_SCREEN,https://github.com/manjot-testbook/TBAppScreens/blob/main/screenshots/04_after_otp.png
SCR_04,ONBOARDING_GOAL_SELECTION_SCREEN,AUTH_OTP_VERIFICATION_SCREEN,"1. Acquisition, Auth & Onboarding",screen_view,"{""event"": ""screen_view"", ""screen_name"": ""ONBOARDING_GOAL_SELECTION_SCREEN"", ""referrer_screen_name"": ""AUTH_OTP_VERIFICATION_SCREEN"", ""target_id"": ""string"", ""target_name"": ""string"", ""category_name"": ""string"", ""is_first_time"": true}",Tap 'Save' sticky CTA -> HOME_FEED_DASHBOARD_SCREEN | Tap 'Search Target Exams' bar -> GLOBAL_SEARCH_SCREEN,https://github.com/manjot-testbook/TBAppScreens/blob/main/screenshots/57_onboarding_goal_selection.png
SCR_05,HOME_FEED_DASHBOARD_SCREEN,ONBOARDING_GOAL_SELECTION_SCREEN,2. Home Hub & Navigation,screen_view,"{""event"": ""screen_view"", ""screen_name"": ""HOME_FEED_DASHBOARD_SCREEN"", ""referrer_screen_name"": ""ONBOARDING_GOAL_SELECTION_SCREEN"", ""primary_exam_id"": ""string"", ""primary_exam_name"": ""string"", ""enrolled_exams_count"": 3, ""subscription_status"": ""super_pass_active"", ""days_to_expiry"": 2}",Tap hamburger menu icon [≡] -> HAMBURGER_DRAWER_NAVIGATION_SCREEN | Tap 'My Exams ⌵' switcher -> ENROLLED_EXAMS_MODAL | Tap search magnifying glass -> GLOBAL_SEARCH_SCREEN | Tap bottom tab 'Tests' -> TESTS_EXPLORER_SCREEN | Tap bottom tab 'Super' -> SUPERCOACHING_LANDING_PAGE | Tap bottom tab 'Pass' or renew card -> TESTBOOK_PASS_LANDING_PAYWALL | Tap bottom tab 'Super Pass' -> MY_SUPER_PASS_DASHBOARD_SCREEN | Tap QAB 'Free Quizzes' -> FREE_DAILY_QUIZZES_SCREEN | Tap QAB 'Free Practice' -> FREE_PRACTICE_SCREEN | Tap AI Doubt Solver FAB -> SAMADHAN_AI_DOUBT_SOLVER_SCREEN | Tap top bell icon -> NOTIFICATIONS_CENTER_SCREEN,https://github.com/manjot-testbook/TBAppScreens/blob/main/screenshots/06_home_feed.png
SCR_06,HAMBURGER_DRAWER_NAVIGATION_SCREEN,HOME_FEED_DASHBOARD_SCREEN,2. Home Hub & Navigation,screen_view,"{""event"": ""screen_view"", ""screen_name"": ""HAMBURGER_DRAWER_NAVIGATION_SCREEN"", ""referrer_screen_name"": ""HOME_FEED_DASHBOARD_SCREEN"", ""user_id"": ""string"", ""is_paid_user"": true, ""subscription_type"": ""super_pass_live""}",Tap 'Your Exams' -> ENROLLED_EXAMS_MANAGEMENT_SCREEN | Tap 'Books' -> SMARTBOOKS_STORE_SCREEN | Tap 'Library' -> USER_LIBRARY_VAULT_SCREEN | Tap 'Daily Current Affairs' -> CURRENT_AFFAIRS_DIGEST_SCREEN | Tap 'Refer & Earn' -> REFER_AND_EARN_SCREEN | Tap 'Transactions' -> TRANSACTIONS_LIST_SCREEN | Tap 'Settings' -> APP_SETTINGS_SCREEN | Tap 'Language' -> APP_LANGUAGE_SCREEN | Tap 'User Settings' (Profile) -> USER_SETTINGS_SCREEN,https://github.com/manjot-testbook/TBAppScreens/blob/main/screenshots/HAMBURGER_DRAWER_NAVIGATION_SCREEN.png
SCR_07,NOTIFICATIONS_CENTER_SCREEN,HOME_FEED_DASHBOARD_SCREEN,2. Home Hub & Navigation,screen_view,"{""event"": ""screen_view"", ""screen_name"": ""NOTIFICATIONS_CENTER_SCREEN"", ""referrer_screen_name"": ""HOME_FEED_DASHBOARD_SCREEN"", ""unread_count"": 0, ""notification_type"": ""all""}",Press back arrow -> HOME_FEED_DASHBOARD_SCREEN,https://github.com/manjot-testbook/TBAppScreens/blob/main/screenshots/NOTIFICATIONS_CENTER_SCREEN.png
SCR_08,ENROLLED_EXAMS_MODAL,HOME_FEED_DASHBOARD_SCREEN,2. Home Hub & Navigation,screen_view,"{""event"": ""screen_view"", ""screen_name"": ""ENROLLED_EXAMS_MODAL"", ""referrer_screen_name"": ""HOME_FEED_DASHBOARD_SCREEN"", ""selected_exam_id"": ""string"", ""enrolled_exam_ids"": [""string""]}",Tap '+ Add More Exams' -> ONBOARDING_GOAL_SELECTION_SCREEN | Tap 'Apply Filter' button -> HOME_FEED_DASHBOARD_SCREEN,https://github.com/manjot-testbook/TBAppScreens/blob/main/screenshots/56_my_exams_sheet.png
SCR_09,ENROLLED_EXAMS_MANAGEMENT_SCREEN,HAMBURGER_DRAWER_NAVIGATION_SCREEN,2. Home Hub & Navigation,screen_view,"{""event"": ""screen_view"", ""screen_name"": ""ENROLLED_EXAMS_MANAGEMENT_SCREEN"", ""referrer_screen_name"": ""HAMBURGER_DRAWER_NAVIGATION_SCREEN"", ""total_enrolled_count"": 3, ""category"": ""all""}",Tap any enrolled exam card (e.g. RRB NTPC) -> EXAM_PAGE_OVERVIEW_SCREEN | Press back arrow -> HOME_FEED_DASHBOARD_SCREEN,https://github.com/manjot-testbook/TBAppScreens/blob/main/screenshots/ENROLLED_EXAMS_MANAGEMENT_SCREEN.png
SCR_10,SAMADHAN_AI_DOUBT_SOLVER_SCREEN,HOME_FEED_DASHBOARD_SCREEN,2. Home Hub & Navigation,screen_view,"{""event"": ""screen_view"", ""screen_name"": ""SAMADHAN_AI_DOUBT_SOLVER_SCREEN"", ""referrer_screen_name"": ""HOME_FEED_DASHBOARD_SCREEN"", ""exam_id"": ""string"", ""exam_name"": ""string"", ""total_tests_taken"": 28, ""user_avg_score_pct"": 4}",Press back arrow -> HOME_FEED_DASHBOARD_SCREEN,https://github.com/manjot-testbook/TBAppScreens/blob/main/screenshots/SAMADHAN_AI_DOUBT_SOLVER_SCREEN.png
SCR_11,GLOBAL_SEARCH_SCREEN,HOME_FEED_DASHBOARD_SCREEN,3. Discovery & Search Sections,screen_view,"{""event"": ""screen_view"", ""screen_name"": ""GLOBAL_SEARCH_SCREEN"", ""referrer_screen_name"": ""HOME_FEED_DASHBOARD_SCREEN"", ""search_entry_point"": ""home_top_bar"", ""recent_searches_count"": 1}",Submit query (e.g. 'SSC') -> SEARCH_RESULTS_SCREEN | Tap trending exam chip -> SEARCH_RESULTS_SCREEN,https://github.com/manjot-testbook/TBAppScreens/blob/main/screenshots/SCR_GLOBAL_SEARCH.png
SCR_12,SEARCH_RESULTS_SCREEN,GLOBAL_SEARCH_SCREEN,3. Discovery & Search Sections,screen_view,"{""event"": ""screen_view"", ""screen_name"": ""SEARCH_RESULTS_SCREEN"", ""referrer_screen_name"": ""GLOBAL_SEARCH_SCREEN"", ""search_term"": ""string"", ""active_tab"": ""all"", ""total_results_count"": 12}",Tap 'Exams' category tab -> SEARCH_SECTIONS_EXAMS_SCREEN | Tap 'Courses' category tab -> SEARCH_SECTIONS_COURSES_SCREEN | Tap 'Test Series' category tab -> SEARCH_SECTIONS_TESTS_SCREEN | Tap 'Daily Live Class' tab -> DAILY_LIVE_CLASSES_SCREEN | Tap 'TEACHERS' tab -> TEACHER_PROFILE_PAGE,https://github.com/manjot-testbook/TBAppScreens/blob/main/screenshots/SCR_SEARCH_RESULTS.png
SCR_13,SEARCH_SECTIONS_EXAMS_SCREEN,SEARCH_RESULTS_SCREEN,3. Discovery & Search Sections,screen_view,"{""event"": ""screen_view"", ""screen_name"": ""SEARCH_SECTIONS_EXAMS_SCREEN"", ""referrer_screen_name"": ""SEARCH_RESULTS_SCREEN"", ""search_term"": ""string"", ""category"": ""exams"", ""view_count"": 4}",Tap any exam card -> EXAM_PAGE_OVERVIEW_SCREEN,https://github.com/manjot-testbook/TBAppScreens/blob/main/screenshots/SEARCH_SECTIONS_EXAMS_SCREEN.png
SCR_14,SEARCH_SECTIONS_COURSES_SCREEN,SEARCH_RESULTS_SCREEN,3. Discovery & Search Sections,screen_view,"{""event"": ""screen_view"", ""screen_name"": ""SEARCH_SECTIONS_COURSES_SCREEN"", ""referrer_screen_name"": ""SEARCH_RESULTS_SCREEN"", ""search_term"": ""string"", ""category"": ""courses"", ""view_count"": 6}",Tap any course card -> COURSES_EXPLORE_SCREEN,https://github.com/manjot-testbook/TBAppScreens/blob/main/screenshots/SEARCH_SECTIONS_COURSES_SCREEN.png
SCR_15,SEARCH_SECTIONS_TESTS_SCREEN,SEARCH_RESULTS_SCREEN,3. Discovery & Search Sections,screen_view,"{""event"": ""screen_view"", ""screen_name"": ""SEARCH_SECTIONS_TESTS_SCREEN"", ""referrer_screen_name"": ""SEARCH_RESULTS_SCREEN"", ""search_term"": ""string"", ""category"": ""test_series"", ""view_count"": 8}",Tap any test series card -> TEST_SERIES_OVERVIEW_SCREEN,https://github.com/manjot-testbook/TBAppScreens/blob/main/screenshots/SEARCH_SECTIONS_TESTS_SCREEN.png
SCR_16,EXAM_PAGE_OVERVIEW_SCREEN,HOME_FEED_DASHBOARD_SCREEN,4. Exam Portals & Preparation,screen_view,"{""event"": ""screen_view"", ""screen_name"": ""EXAM_PAGE_OVERVIEW_SCREEN"", ""referrer_screen_name"": ""HOME_FEED_DASHBOARD_SCREEN"", ""exam_id"": ""string"", ""exam_name"": ""SSC CGL"", ""students_enrolled_count"": ""14M+"", ""is_user_enrolled"": true}",Tap [Exam Info] action button -> EXAM_INFO_AND_UPDATES_SCREEN | Tap 'testbook LIVE' section tab -> EXAM_PAGE_SUPERPASS_LIVE_TAB_SCREEN | Tap 'Study Notes' section tab -> EXAM_PAGE_STUDY_NOTES_TAB_SCREEN | Tap 'Quizzes' section tab -> EXAM_PAGE_QUIZZES_TAB_SCREEN | Tap 'ShowPyp' tile -> PREVIOUS_YEAR_PAPERS_LIST_SCREEN | Tap 'Start Test' on free test card -> TEST_PRE_INSTRUCTIONS_SCREEN | Press back arrow -> HOME_FEED_DASHBOARD_SCREEN,https://github.com/manjot-testbook/TBAppScreens/blob/main/screenshots/EXAM_PAGE_OVERVIEW_SCREEN.png
SCR_17,EXAM_INFO_AND_UPDATES_SCREEN,EXAM_PAGE_OVERVIEW_SCREEN,4. Exam Portals & Preparation,screen_view,"{""event"": ""screen_view"", ""screen_name"": ""EXAM_INFO_AND_UPDATES_SCREEN"", ""referrer_screen_name"": ""EXAM_PAGE_OVERVIEW_SCREEN"", ""exam_id"": ""string"", ""exam_name"": ""SSC CGL"", ""vacancies_count"": 10731, ""has_notification_pdf"": true}",Tap [Download Notification] -> BLOG_ARTICLE_READER_SCREEN | Tap social share icons (WhatsApp/FB) -> EXAM_INFO_AND_UPDATES_SCREEN | Press back arrow -> EXAM_PAGE_OVERVIEW_SCREEN,https://github.com/manjot-testbook/TBAppScreens/blob/main/screenshots/EXAM_INFO_AND_UPDATES_SCREEN.png
SCR_18,EXAM_PAGE_SUPERPASS_LIVE_TAB_SCREEN,EXAM_PAGE_OVERVIEW_SCREEN,4. Exam Portals & Preparation,screen_view,"{""event"": ""screen_view"", ""screen_name"": ""EXAM_PAGE_SUPERPASS_LIVE_TAB_SCREEN"", ""referrer_screen_name"": ""EXAM_PAGE_OVERVIEW_SCREEN"", ""exam_id"": ""string"", ""exam_name"": ""SSC CGL"", ""active_tab"": ""SuperPass"", ""live_batches_count"": 4}",Tap any coaching batch card -> COURSES_EXPLORE_SCREEN | Tap 'Study Notes' tab -> EXAM_PAGE_STUDY_NOTES_TAB_SCREEN,https://github.com/manjot-testbook/TBAppScreens/blob/main/screenshots/EXAM_PAGE_SUPERPASS_LIVE_TAB_SCREEN.png
SCR_19,EXAM_PAGE_STUDY_NOTES_TAB_SCREEN,EXAM_PAGE_OVERVIEW_SCREEN,4. Exam Portals & Preparation,screen_view,"{""event"": ""screen_view"", ""screen_name"": ""EXAM_PAGE_STUDY_NOTES_TAB_SCREEN"", ""referrer_screen_name"": ""EXAM_PAGE_OVERVIEW_SCREEN"", ""exam_id"": ""string"", ""exam_name"": ""SSC CGL"", ""active_tab"": ""Study Notes"", ""subjects_count"": 6}",Tap any chapter notes card -> CHAPTER_PDF_NOTES_SCREEN | Tap 'Quizzes' tab -> EXAM_PAGE_QUIZZES_TAB_SCREEN,https://github.com/manjot-testbook/TBAppScreens/blob/main/screenshots/EXAM_PAGE_STUDY_NOTES_TAB_SCREEN.png
SCR_20,EXAM_PAGE_QUIZZES_TAB_SCREEN,EXAM_PAGE_OVERVIEW_SCREEN,4. Exam Portals & Preparation,screen_view,"{""event"": ""screen_view"", ""screen_name"": ""EXAM_PAGE_QUIZZES_TAB_SCREEN"", ""referrer_screen_name"": ""EXAM_PAGE_OVERVIEW_SCREEN"", ""exam_id"": ""string"", ""exam_name"": ""SSC CGL"", ""active_tab"": ""Quizzes"", ""quizzes_count"": 24}",Tap any quiz card -> PRACTICE_QUESTION_INTERFACE_SCREEN | Tap 'Test Series' tab -> EXAM_PAGE_OVERVIEW_SCREEN,https://github.com/manjot-testbook/TBAppScreens/blob/main/screenshots/EXAM_PAGE_QUIZZES_TAB_SCREEN.png
SCR_21,PREVIOUS_YEAR_PAPERS_LIST_SCREEN,EXAM_PAGE_OVERVIEW_SCREEN,4. Exam Portals & Preparation,screen_view,"{""event"": ""screen_view"", ""screen_name"": ""PREVIOUS_YEAR_PAPERS_LIST_SCREEN"", ""referrer_screen_name"": ""EXAM_PAGE_OVERVIEW_SCREEN"", ""exam_id"": ""string"", ""exam_name"": ""SSC CGL"", ""selected_tier"": ""Tier II"", ""selected_year"": ""2026"", ""is_pdf_available"": true}",Tap 'Start Test' on paper card -> TEST_PRE_INSTRUCTIONS_SCREEN | Tap 'Get Pass' bottom bar -> TESTBOOK_PASS_LANDING_PAYWALL | Press back arrow -> EXAM_PAGE_OVERVIEW_SCREEN,https://github.com/manjot-testbook/TBAppScreens/blob/main/screenshots/PREVIOUS_YEAR_PAPERS_LIST_SCREEN.png
SCR_22,TESTS_EXPLORER_SCREEN,HOME_FEED_DASHBOARD_SCREEN,5. Assessment & Live Testing Funnel,screen_view,"{""event"": ""screen_view"", ""screen_name"": ""TESTS_EXPLORER_SCREEN"", ""referrer_screen_name"": ""HOME_FEED_DASHBOARD_SCREEN"", ""selected_category"": ""all"", ""total_series_count"": 45, ""user_type"": ""paid""}",Tap any enrolled test card -> TEST_SERIES_OVERVIEW_SCREEN | Tap 'Study Notes' filter pill -> STUDY_NOTES_OVERVIEW_SCREEN | Tap 'Live Quizzes' filter pill -> FREE_DAILY_QUIZZES_SCREEN | Tap Pass expired renewal card -> TESTBOOK_PASS_LANDING_PAYWALL,https://github.com/manjot-testbook/TBAppScreens/blob/main/screenshots/SCR_TESTS_EXPLORE_SCROLLED.png
SCR_23,TEST_SERIES_OVERVIEW_SCREEN,TESTS_EXPLORER_SCREEN,5. Assessment & Live Testing Funnel,screen_view,"{""event"": ""screen_view"", ""screen_name"": ""TEST_SERIES_OVERVIEW_SCREEN"", ""referrer_screen_name"": ""TESTS_EXPLORER_SCREEN"", ""test_series_id"": ""string"", ""test_series_name"": ""string"", ""exam_id"": ""string"", ""total_tests"": 158, ""free_tests_count"": 12, ""is_enrolled"": true}",Tap 'Level: All ⌵' filter -> EXAM_LEVEL_MODAL | Tap 'Start Test' on free test card -> TEST_PRE_INSTRUCTIONS_SCREEN | Tap locked test card -> TESTBOOK_PASS_LANDING_PAYWALL,https://github.com/manjot-testbook/TBAppScreens/blob/main/screenshots/13_tests_landing.png
SCR_24,EXAM_LEVEL_MODAL,TEST_SERIES_OVERVIEW_SCREEN,5. Assessment & Live Testing Funnel,screen_view,"{""event"": ""screen_view"", ""screen_name"": ""EXAM_LEVEL_MODAL"", ""referrer_screen_name"": ""TEST_SERIES_OVERVIEW_SCREEN"", ""test_series_id"": ""string"", ""selected_level"": ""all""}",Select level and tap 'Proceed' -> TEST_SERIES_OVERVIEW_SCREEN,https://github.com/manjot-testbook/TBAppScreens/blob/main/screenshots/12_tests_tab.png
SCR_25,TEST_PRE_INSTRUCTIONS_SCREEN,TEST_SERIES_OVERVIEW_SCREEN,5. Assessment & Live Testing Funnel,screen_view,"{""event"": ""screen_view"", ""screen_name"": ""TEST_PRE_INSTRUCTIONS_SCREEN"", ""referrer_screen_name"": ""TEST_SERIES_OVERVIEW_SCREEN"", ""test_id"": ""string"", ""test_name"": ""string"", ""test_series_id"": ""string"", ""duration_mins"": 15, ""total_marks"": 25.0, ""total_questions"": 25, ""is_free"": true, ""selected_language"": ""English""}",Tap 'Agree and Continue' CTA -> LIVE_TEST_TAKING_INTERFACE | Tap 'Get Pass' upsell banner -> TESTBOOK_PASS_LANDING_PAYWALL,https://github.com/manjot-testbook/TBAppScreens/blob/main/screenshots/15_test_instructions.png
SCR_26,LIVE_TEST_TAKING_INTERFACE,TEST_PRE_INSTRUCTIONS_SCREEN,5. Assessment & Live Testing Funnel,screen_view,"{""event"": ""screen_view"", ""screen_name"": ""LIVE_TEST_TAKING_INTERFACE"", ""referrer_screen_name"": ""TEST_PRE_INSTRUCTIONS_SCREEN"", ""test_id"": ""string"", ""test_name"": ""string"", ""current_question_index"": 1, ""section_name"": ""General Science"", ""test_type"": ""sectional"", ""selected_language"": ""Hindi""}",Tap pallet toggle icon [≡] -> QUESTION_PALLET_DRAWER | Tap 'Submit Section' in pallet -> TEST_SUBMIT_CONFIRMATION_MODAL | Tap 'Submit Test' in pallet -> TEST_SUBMIT_CONFIRMATION_MODAL,https://github.com/manjot-testbook/TBAppScreens/blob/main/screenshots/18_test_interface.png
SCR_27,QUESTION_PALLET_DRAWER,LIVE_TEST_TAKING_INTERFACE,5. Assessment & Live Testing Funnel,screen_view,"{""event"": ""screen_view"", ""screen_name"": ""QUESTION_PALLET_DRAWER"", ""referrer_screen_name"": ""LIVE_TEST_TAKING_INTERFACE"", ""test_id"": ""string"", ""active_section"": ""General Science"", ""attempted_count"": 1, ""unattempted_count"": 24, ""marked_count"": 0}",Tap any question number button -> LIVE_TEST_TAKING_INTERFACE | Tap 'SUBMIT SECTION' -> TEST_SUBMIT_CONFIRMATION_MODAL | Tap 'SUBMIT TEST' -> TEST_SUBMIT_CONFIRMATION_MODAL,https://github.com/manjot-testbook/TBAppScreens/blob/main/screenshots/19_question_pallet.png
SCR_28,TEST_SUBMIT_CONFIRMATION_MODAL,QUESTION_PALLET_DRAWER,5. Assessment & Live Testing Funnel,screen_view,"{""event"": ""screen_view"", ""screen_name"": ""TEST_SUBMIT_CONFIRMATION_MODAL"", ""referrer_screen_name"": ""QUESTION_PALLET_DRAWER"", ""test_id"": ""string"", ""time_left_secs"": 848, ""attempted_count"": 1, ""unattempted_count"": 24}",Tap 'Yes' (Confirm Submit) -> TEST_ANALYSIS_SCREEN | Tap 'No' (Resume Test) -> LIVE_TEST_TAKING_INTERFACE,https://github.com/manjot-testbook/TBAppScreens/blob/main/screenshots/29_test_submit_confirmation.png
SCR_29,TEST_ANALYSIS_SCREEN,TEST_SUBMIT_CONFIRMATION_MODAL,5. Assessment & Live Testing Funnel,screen_view,"{""event"": ""screen_view"", ""screen_name"": ""TEST_ANALYSIS_SCREEN"", ""referrer_screen_name"": ""TEST_SUBMIT_CONFIRMATION_MODAL"", ""test_id"": ""string"", ""test_name"": ""string"", ""user_score"": -0.33, ""total_marks"": 25.0, ""user_rank"": 207614, ""accuracy_pct"": 0, ""percentile"": 12.4}",Tap 'Solutions' tab -> QUESTION_SOLUTIONS_SCREEN | Tap 'Leaderboard' tab -> TEST_LEADERBOARD_PODIUM_SCREEN | Tap 'Restore Now at ₹749' -> TESTBOOK_PASS_LANDING_PAYWALL | Press back arrow -> HOME_FEED_DASHBOARD_SCREEN,https://github.com/manjot-testbook/TBAppScreens/blob/main/screenshots/31_test_analysis.png
SCR_30,QUESTION_SOLUTIONS_SCREEN,TEST_ANALYSIS_SCREEN,5. Assessment & Live Testing Funnel,screen_view,"{""event"": ""screen_view"", ""screen_name"": ""QUESTION_SOLUTIONS_SCREEN"", ""referrer_screen_name"": ""TEST_ANALYSIS_SCREEN"", ""test_id"": ""string"", ""active_filter"": ""all"", ""question_id"": ""string"", ""subject_name"": ""General Science"", ""is_correct"": false}",Tap 'Analysis' tab -> TEST_ANALYSIS_SCREEN | Tap 'Leaderboard' tab -> TEST_LEADERBOARD_PODIUM_SCREEN,https://github.com/manjot-testbook/TBAppScreens/blob/main/screenshots/34_test_solutions.png
SCR_31,TEST_LEADERBOARD_PODIUM_SCREEN,TEST_ANALYSIS_SCREEN,5. Assessment & Live Testing Funnel,screen_view,"{""event"": ""screen_view"", ""screen_name"": ""TEST_LEADERBOARD_PODIUM_SCREEN"", ""referrer_screen_name"": ""TEST_ANALYSIS_SCREEN"", ""test_id"": ""string"", ""user_rank"": 207614, ""user_score"": -0.33, ""rank_1_score"": 25.0, ""rank_2_score"": 24.0, ""rank_3_score"": 23.5}",Tap 'Analysis' tab -> TEST_ANALYSIS_SCREEN | Tap 'Solutions' tab -> QUESTION_SOLUTIONS_SCREEN,https://github.com/manjot-testbook/TBAppScreens/blob/main/screenshots/35_test_leaderboard.png
SCR_32,FREE_DAILY_QUIZZES_SCREEN,HOME_FEED_DASHBOARD_SCREEN,6. Practice & Free Quizzes,screen_view,"{""event"": ""screen_view"", ""screen_name"": ""FREE_DAILY_QUIZZES_SCREEN"", ""referrer_screen_name"": ""HOME_FEED_DASHBOARD_SCREEN"", ""selected_exam_id"": ""string"", ""selected_exam_name"": ""SSC CGL"", ""total_quizzes_count"": 18}",Tap any quiz card -> PRACTICE_QUESTION_INTERFACE_SCREEN | Press back arrow -> HOME_FEED_DASHBOARD_SCREEN,https://github.com/manjot-testbook/TBAppScreens/blob/main/screenshots/SCR_FREE_QUIZZES.png
SCR_33,FREE_PRACTICE_SCREEN,HOME_FEED_DASHBOARD_SCREEN,6. Practice & Free Quizzes,screen_view,"{""event"": ""screen_view"", ""screen_name"": ""FREE_PRACTICE_SCREEN"", ""referrer_screen_name"": ""HOME_FEED_DASHBOARD_SCREEN"", ""exam_id"": ""string"", ""exam_name"": ""SSC CGL"", ""last_attempted_chapter"": ""Analogy"", ""total_subjects"": 4}",Tap subject to browse chapters -> ADAPTIVE_PRACTICE_INTERFACE_SCREEN | Press back arrow -> HOME_FEED_DASHBOARD_SCREEN,https://github.com/manjot-testbook/TBAppScreens/blob/main/screenshots/SCR_FREE_PRACTICE.png
SCR_34,ADAPTIVE_PRACTICE_INTERFACE_SCREEN,FREE_PRACTICE_SCREEN,6. Practice & Free Quizzes,screen_view,"{""event"": ""screen_view"", ""screen_name"": ""ADAPTIVE_PRACTICE_INTERFACE_SCREEN"", ""referrer_screen_name"": ""FREE_PRACTICE_SCREEN"", ""subject_name"": ""General Intelligence"", ""chapter_name"": ""Analogy"", ""total_practice_questions"": 80, ""user_accuracy_pct"": 100}",Tap 'Start Practice ➔' -> PRACTICE_QUESTION_INTERFACE_SCREEN | Press back arrow -> FREE_PRACTICE_SCREEN,https://github.com/manjot-testbook/TBAppScreens/blob/main/screenshots/ADAPTIVE_PRACTICE_INTERFACE.png
SCR_35,PRACTICE_QUESTION_INTERFACE_SCREEN,ADAPTIVE_PRACTICE_INTERFACE_SCREEN,6. Practice & Free Quizzes,screen_view,"{""event"": ""screen_view"", ""screen_name"": ""PRACTICE_QUESTION_INTERFACE_SCREEN"", ""referrer_screen_name"": ""ADAPTIVE_PRACTICE_INTERFACE_SCREEN"", ""chapter_name"": ""Analogy"", ""practice_set"": ""Practice 2"", ""question_index"": 1, ""total_questions"": 20}",Select option -> PRACTICE_QUESTION_ANSWERED_SCREEN | Press back arrow -> ADAPTIVE_PRACTICE_INTERFACE_SCREEN,https://github.com/manjot-testbook/TBAppScreens/blob/main/screenshots/PRACTICE_QUESTION_INTERFACE_CLEAN.png
SCR_36,PRACTICE_QUESTION_ANSWERED_SCREEN,PRACTICE_QUESTION_INTERFACE_SCREEN,6. Practice & Free Quizzes,screen_view,"{""event"": ""screen_view"", ""screen_name"": ""PRACTICE_QUESTION_ANSWERED_SCREEN"", ""referrer_screen_name"": ""PRACTICE_QUESTION_INTERFACE_SCREEN"", ""chapter_name"": ""Analogy"", ""question_id"": ""string"", ""is_correct"": true, ""time_spent_secs"": 33}",Tap 'Next ➔' -> PRACTICE_QUESTION_INTERFACE_SCREEN,https://github.com/manjot-testbook/TBAppScreens/blob/main/screenshots/PRACTICE_QUESTION_ANSWERED_SCREEN.png
SCR_37,STUDY_NOTES_OVERVIEW_SCREEN,TESTS_EXPLORER_SCREEN,6. Practice & Free Quizzes,screen_view,"{""event"": ""screen_view"", ""screen_name"": ""STUDY_NOTES_OVERVIEW_SCREEN"", ""referrer_screen_name"": ""TESTS_EXPLORER_SCREEN"", ""exam_id"": ""string"", ""exam_name"": ""SSC CGL"", ""total_subjects_count"": 5}",Tap any chapter card -> CHAPTER_PDF_NOTES_SCREEN | Tap Pass renewal strip -> TESTBOOK_PASS_LANDING_PAYWALL,https://github.com/manjot-testbook/TBAppScreens/blob/main/screenshots/SCR_STUDY_NOTES.png
SCR_38,CHAPTER_PDF_NOTES_SCREEN,STUDY_NOTES_OVERVIEW_SCREEN,6. Practice & Free Quizzes,screen_view,"{""event"": ""screen_view"", ""screen_name"": ""CHAPTER_PDF_NOTES_SCREEN"", ""referrer_screen_name"": ""STUDY_NOTES_OVERVIEW_SCREEN"", ""note_id"": ""string"", ""note_title"": ""Analogy Summary Notes"", ""subject_name"": ""Reasoning"", ""total_pages"": 12, ""is_locked"": false}",Tap locked note card -> NOTES_LOCKED_PAYWALL_MODAL | Press back arrow -> STUDY_NOTES_OVERVIEW_SCREEN,https://github.com/manjot-testbook/TBAppScreens/blob/main/screenshots/SCR_CHAPTER_NOTES.png
SCR_39,NOTES_LOCKED_PAYWALL_MODAL,CHAPTER_PDF_NOTES_SCREEN,6. Practice & Free Quizzes,screen_view,"{""event"": ""screen_view"", ""screen_name"": ""NOTES_LOCKED_PAYWALL_MODAL"", ""referrer_screen_name"": ""CHAPTER_PDF_NOTES_SCREEN"", ""note_id"": ""string"", ""note_title"": ""string"", ""required_pass"": ""pass_pro"", ""plan_price"": 749}",Tap 'Buy Yearly Testbook Pass' -> DYNAMIC_UPI_QR_MODAL | Dismiss sheet -> CHAPTER_PDF_NOTES_SCREEN,https://github.com/manjot-testbook/TBAppScreens/blob/main/screenshots/SCR_NOTES_LOCKED_PAYWALL.png
SCR_40,COURSES_EXPLORE_SCREEN,SEARCH_RESULTS_SCREEN,7. Courses & Masterclasses,screen_view,"{""event"": ""screen_view"", ""screen_name"": ""COURSES_EXPLORE_SCREEN"", ""referrer_screen_name"": ""SEARCH_RESULTS_SCREEN"", ""course_id"": ""string"", ""course_name"": ""SSC CGL Raftaar 2026 Crash Course"", ""goal_id"": ""string"", ""faculty_name"": ""Ananya Singh Ma'am"", ""total_videos"": 150}",Tap 'Join Now' CTA -> SUPERCOACHING_PLAN_SELECTION_SCREEN | Press back arrow -> HOME_FEED_DASHBOARD_SCREEN,https://github.com/manjot-testbook/TBAppScreens/blob/main/screenshots/COURSES_EXPLORE_SCREEN.png
SCR_41,DAILY_LIVE_CLASSES_SCREEN,SEARCH_RESULTS_SCREEN,7. Courses & Masterclasses,screen_view,"{""event"": ""screen_view"", ""screen_name"": ""DAILY_LIVE_CLASSES_SCREEN"", ""referrer_screen_name"": ""SEARCH_RESULTS_SCREEN"", ""goal_id"": ""string"", ""goal_name"": ""SSC CGL"", ""live_classes_today_count"": 8}",Tap 'TEACHERS' tab -> TEACHER_PROFILE_PAGE | Press back arrow -> HOME_FEED_DASHBOARD_SCREEN,https://github.com/manjot-testbook/TBAppScreens/blob/main/screenshots/DAILY_LIVE_CLASSES_SCREEN.png
SCR_42,TEACHER_PROFILE_PAGE,DAILY_LIVE_CLASSES_SCREEN,7. Courses & Masterclasses,screen_view,"{""event"": ""screen_view"", ""screen_name"": ""TEACHER_PROFILE_PAGE"", ""referrer_screen_name"": ""DAILY_LIVE_CLASSES_SCREEN"", ""goal_id"": ""string"", ""goal_name"": ""SSC CGL"", ""total_educators"": 18}",Tap teacher card (e.g. Ananya Singh) -> INDIVIDUAL_TEACHER_DETAILS_SCREEN | Press back arrow -> DAILY_LIVE_CLASSES_SCREEN,https://github.com/manjot-testbook/TBAppScreens/blob/main/screenshots/TEACHER_PROFILE_PAGE.png
SCR_43,INDIVIDUAL_TEACHER_DETAILS_SCREEN,TEACHER_PROFILE_PAGE,7. Courses & Masterclasses,screen_view,"{""event"": ""screen_view"", ""screen_name"": ""INDIVIDUAL_TEACHER_DETAILS_SCREEN"", ""referrer_screen_name"": ""TEACHER_PROFILE_PAGE"", ""teacher_id"": ""string"", ""teacher_name"": ""Ananya Singh Ma'am"", ""subject"": ""Reasoning"", ""students_count"": ""10,000+"", ""selections_count"": ""1,000+""}",Tap trial banner -> SUPERCOACHING_PLAN_SELECTION_SCREEN | Press back arrow -> TEACHER_PROFILE_PAGE,https://github.com/manjot-testbook/TBAppScreens/blob/main/screenshots/INDIVIDUAL_TEACHER_DETAILS_SCREEN.png
SCR_44,SMARTBOOKS_STORE_SCREEN,HAMBURGER_DRAWER_NAVIGATION_SCREEN,8. SmartBooks Store,screen_view,"{""event"": ""screen_view"", ""screen_name"": ""SMARTBOOKS_STORE_SCREEN"", ""referrer_screen_name"": ""HAMBURGER_DRAWER_NAVIGATION_SCREEN"", ""store_category"": ""SSC Books"", ""featured_books_count"": 12}",Tap any book card -> SMARTBOOK_DETAILS_SCREEN | Press back arrow -> HOME_FEED_DASHBOARD_SCREEN,https://github.com/manjot-testbook/TBAppScreens/blob/main/screenshots/SCR_SMARTBOOKS_HOME.png
SCR_45,SMARTBOOK_DETAILS_SCREEN,SMARTBOOKS_STORE_SCREEN,8. SmartBooks Store,screen_view,"{""event"": ""screen_view"", ""screen_name"": ""SMARTBOOK_DETAILS_SCREEN"", ""referrer_screen_name"": ""SMARTBOOKS_STORE_SCREEN"", ""book_id"": ""string"", ""book_name"": ""General Science 4000 Smart Question Bank"", ""selling_price"": 499, ""mrp"": 799, ""language"": ""English"", ""is_pre_order"": false}",Tap 'Buy Now' button -> PAYMENT_GATEWAY_SCREEN | Press back arrow -> SMARTBOOKS_STORE_SCREEN,https://github.com/manjot-testbook/TBAppScreens/blob/main/screenshots/SMARTBOOK_DETAILS_SCREEN.png
SCR_46,SUPERCOACHING_LANDING_PAGE,HOME_FEED_DASHBOARD_SCREEN,9. SuperCoaching Pre-Purchase,screen_view,"{""event"": ""screen_view"", ""screen_name"": ""SUPERCOACHING_LANDING_PAGE"", ""referrer_screen_name"": ""HOME_FEED_DASHBOARD_SCREEN"", ""goal_id"": ""string"", ""goal_name"": ""SSC CGL"", ""category_name"": ""SSC Exams"", ""version"": ""v3"", ""is_paid_subscriber"": false}",Tap 'Claim Offer Now' sticky CTA -> SUPERCOACHING_PLAN_SELECTION_SCREEN | Tap bottom tab 'Home' -> HOME_FEED_DASHBOARD_SCREEN,https://github.com/manjot-testbook/TBAppScreens/blob/main/screenshots/38_super_coaching_tab.png
SCR_47,SUPERCOACHING_PLAN_SELECTION_SCREEN,SUPERCOACHING_LANDING_PAGE,9. SuperCoaching Pre-Purchase,screen_view,"{""event"": ""screen_view"", ""screen_name"": ""SUPERCOACHING_PLAN_SELECTION_SCREEN"", ""referrer_screen_name"": ""SUPERCOACHING_LANDING_PAGE"", ""goal_id"": ""string"", ""goal_name"": ""SSC CGL"", ""product_id"": ""string"", ""product_name"": ""SSC CGL 12 Months"", ""selected_plan_duration"": ""12 Months"", ""discounted_price"": 1499, ""has_emi_option"": true}",Tap 'Apply Coupon' link -> PROMO_CODE_APPLY_SCREEN | Tap 'Proceed to Payment' CTA -> PAYMENT_GATEWAY_SCREEN | Press back arrow -> SUPERCOACHING_LANDING_PAGE,https://github.com/manjot-testbook/TBAppScreens/blob/main/screenshots/41_super_plan_selection_full.png
SCR_48,PROMO_CODE_APPLY_SCREEN,SUPERCOACHING_PLAN_SELECTION_SCREEN,9. SuperCoaching Pre-Purchase,screen_view,"{""event"": ""screen_view"", ""screen_name"": ""PROMO_CODE_APPLY_SCREEN"", ""referrer_screen_name"": ""SUPERCOACHING_PLAN_SELECTION_SCREEN"", ""product_id"": ""string"", ""product_name"": ""SSC CGL 12 Months"", ""cart_value"": 1499, ""product_type"": ""supercoaching"", ""available_coupons_count"": 3}",Apply coupon or press back -> SUPERCOACHING_PLAN_SELECTION_SCREEN,https://github.com/manjot-testbook/TBAppScreens/blob/main/screenshots/PROMO_CODE_APPLY_SCREEN.png
SCR_49,TESTBOOK_PASS_LANDING_PAYWALL,HOME_FEED_DASHBOARD_SCREEN,10. Pass Paywalls & QR Checkout,screen_view,"{""event"": ""screen_view"", ""screen_name"": ""TESTBOOK_PASS_LANDING_PAYWALL"", ""referrer_screen_name"": ""HOME_FEED_DASHBOARD_SCREEN"", ""user_type"": ""free"", ""active_pass_tier"": ""none"", ""lowest_pass_price"": 749, ""days_left"": 2}",Tap 'Buy Yearly Testbook Pass' -> DYNAMIC_UPI_QR_MODAL | Scroll to plan comparison -> TESTBOOK_PASS_PLANS_SCREEN | Press back arrow -> HOME_FEED_DASHBOARD_SCREEN,https://github.com/manjot-testbook/TBAppScreens/blob/main/screenshots/48_pass_landing.png
SCR_50,TESTBOOK_PASS_PLANS_SCREEN,TESTBOOK_PASS_LANDING_PAYWALL,10. Pass Paywalls & QR Checkout,screen_view,"{""event"": ""screen_view"", ""screen_name"": ""TESTBOOK_PASS_PLANS_SCREEN"", ""referrer_screen_name"": ""TESTBOOK_PASS_LANDING_PAYWALL"", ""selected_tier"": ""Pass Pro"", ""default_duration"": ""Yearly"", ""plan_price"": 749}",Tap 'Buy Yearly Testbook Pass' -> DYNAMIC_UPI_QR_MODAL,https://github.com/manjot-testbook/TBAppScreens/blob/main/screenshots/50_pass_plan_durations.png
SCR_51,DYNAMIC_UPI_QR_MODAL,TESTBOOK_PASS_LANDING_PAYWALL,10. Pass Paywalls & QR Checkout,screen_view,"{""event"": ""screen_view"", ""screen_name"": ""DYNAMIC_UPI_QR_MODAL"", ""referrer_screen_name"": ""TESTBOOK_PASS_LANDING_PAYWALL"", ""transaction_id"": ""string"", ""plan_id"": ""string"", ""payable_amount"": 749, ""qr_expiry_seconds"": 300}",Cancel or dismiss QR modal -> PAYMENT_FAILURE_RECOVERY_SCREEN | Successful UPI transaction -> ORDER_RECEIPT_SCREEN,https://github.com/manjot-testbook/TBAppScreens/blob/main/screenshots/53_pass_checkout.png
SCR_52,PAYMENT_GATEWAY_SCREEN,SUPERCOACHING_PLAN_SELECTION_SCREEN,10. Pass Paywalls & QR Checkout,screen_view,"{""event"": ""screen_view"", ""screen_name"": ""PAYMENT_GATEWAY_SCREEN"", ""referrer_screen_name"": ""SUPERCOACHING_PLAN_SELECTION_SCREEN"", ""transaction_id"": ""string"", ""product_id"": ""string"", ""product_type"": ""test_pass"", ""payable_amount"": 749, ""coupon_applied"": ""none""}",Tap 'Scan QR Code' -> DYNAMIC_UPI_QR_MODAL | Gateway error or user dismiss -> PAYMENT_FAILURE_RECOVERY_SCREEN | Payment complete -> ORDER_RECEIPT_SCREEN,https://github.com/manjot-testbook/TBAppScreens/blob/main/screenshots/42_make_payment_screen.png
SCR_53,PAYMENT_FAILURE_RECOVERY_SCREEN,DYNAMIC_UPI_QR_MODAL,10. Pass Paywalls & QR Checkout,screen_view,"{""event"": ""screen_view"", ""screen_name"": ""PAYMENT_FAILURE_RECOVERY_SCREEN"", ""referrer_screen_name"": ""DYNAMIC_UPI_QR_MODAL"", ""transaction_id"": ""string"", ""failure_reason"": ""payment_declined"", ""payable_amount"": 749, ""retry_option_default"": ""upi_qr""}",Tap 'Buy Yearly Testbook Pass' (Retry) -> DYNAMIC_UPI_QR_MODAL | Tap 'View Plans' -> TESTBOOK_PASS_LANDING_PAYWALL | Press back arrow -> HOME_FEED_DASHBOARD_SCREEN,https://github.com/manjot-testbook/TBAppScreens/blob/main/screenshots/54_pass_payment_failure.png
SCR_54,MY_SUPER_PASS_DASHBOARD_SCREEN,HOME_FEED_DASHBOARD_SCREEN,11. Post-Purchase Super Pass Live,screen_view,"{""event"": ""screen_view"", ""screen_name"": ""MY_SUPER_PASS_DASHBOARD_SCREEN"", ""referrer_screen_name"": ""HOME_FEED_DASHBOARD_SCREEN"", ""goal_id"": ""string"", ""goal_name"": ""DSSSB Junior Assistant"", ""subscribed_exam_name"": ""DSSSB Junior Assistant"", ""enrolled_courses_count"": 1, ""primary_course_id"": ""string"", ""primary_course_title"": ""MISSION DSSSB Complete Live Batch""}","Tap 'Manage Exams' pencil -> MY_SUPER_PASS_MANAGE_EXAMS_MODAL | Tap ""Add"" on Courses Enrolled -> SUPER_PASS_EXPLORE_COURSES_SCREEN | Tap 'Start Learning' on live batch -> ENROLLED_COURSE_STUDY_DASHBOARD_SCREEN | Tap 'My Test Series' -> MY_SUPER_PASS_TEST_SERIES_SCREEN | Tap 'My Study Notes' -> MY_SUPER_PASS_STUDY_NOTES_SCREEN | Tap 'My Practice' -> MY_SUPER_PASS_PRACTICE_SCREEN | Tap 'My Teachers' -> MY_SUPER_PASS_TEACHERS_SCREEN | Scroll down for full offerings -> MY_SUPER_PASS_OFFERINGS_SCREEN",https://github.com/manjot-testbook/TBAppScreens/blob/main/screenshots/MY_SUPER_PASS_DASHBOARD_SCREEN.png
SCR_55,SUPER_PASS_EXPLORE_COURSES_SCREEN,MY_SUPER_PASS_DASHBOARD_SCREEN,11. Post-Purchase Super Pass Live Ecosystem,screen_view,"{""event"": ""screen_view"", ""screen_name"": ""SUPER_PASS_EXPLORE_COURSES_SCREEN"", ""referrer_screen_name"": ""MY_SUPER_PASS_DASHBOARD_SCREEN"", ""goal_id"": ""string"", ""goal_name"": ""SSC CGL"", ""exam_name"": ""SSC CGL"", ""available_courses_count"": 4, ""filter_language"": ""all""}","Tap ""View Course ➔"" -> ENROLLED_COURSE_STUDY_DASHBOARD_SCREEN | Tap ""+ Add Course"" -> MY_SUPER_PASS_DASHBOARD_SCREEN | Press back arrow -> MY_SUPER_PASS_DASHBOARD_SCREEN",https://github.com/manjot-testbook/TBAppScreens/blob/main/screenshots/SUPER_PASS_EXPLORE_COURSES_SCREEN.png
SCR_56,MY_SUPER_PASS_OFFERINGS_SCREEN,MY_SUPER_PASS_DASHBOARD_SCREEN,11. Post-Purchase Super Pass Live,screen_view,"{""event"": ""screen_view"", ""screen_name"": ""MY_SUPER_PASS_OFFERINGS_SCREEN"", ""referrer_screen_name"": ""MY_SUPER_PASS_DASHBOARD_SCREEN"", ""goal_id"": ""string"", ""goal_name"": ""DSSSB Junior Assistant"", ""test_series_count"": 2, ""notes_count"": 450, ""practice_count"": 13100, ""faculty_count"": 7}",Tap 'My Test Series' -> MY_SUPER_PASS_TEST_SERIES_SCREEN | Tap 'My Study Notes' -> MY_SUPER_PASS_STUDY_NOTES_SCREEN | Tap 'My Practice' -> MY_SUPER_PASS_PRACTICE_SCREEN | Tap 'My Teachers' -> MY_SUPER_PASS_TEACHERS_SCREEN,https://github.com/manjot-testbook/TBAppScreens/blob/main/screenshots/MY_SUPER_PASS_OFFERINGS_SCREEN.png
SCR_57,MY_SUPER_PASS_MANAGE_EXAMS_MODAL,MY_SUPER_PASS_DASHBOARD_SCREEN,11. Post-Purchase Super Pass Live,screen_view,"{""event"": ""screen_view"", ""screen_name"": ""MY_SUPER_PASS_MANAGE_EXAMS_MODAL"", ""referrer_screen_name"": ""MY_SUPER_PASS_DASHBOARD_SCREEN"", ""goal_id"": ""string"", ""active_exam_name"": ""DSSSB Junior Assistant"", ""enrolled_targets_count"": 1}",Tap '+ Add More Exam' -> CREATE_SUPER_PASS_SELECTION_SCREEN | Dismiss sheet -> MY_SUPER_PASS_DASHBOARD_SCREEN,https://github.com/manjot-testbook/TBAppScreens/blob/main/screenshots/MY_SUPER_PASS_MANAGE_EXAMS_MODAL.png
SCR_58,CREATE_SUPER_PASS_SELECTION_SCREEN,MY_SUPER_PASS_MANAGE_EXAMS_MODAL,11. Post-Purchase Super Pass Live,screen_view,"{""event"": ""screen_view"", ""screen_name"": ""CREATE_SUPER_PASS_SELECTION_SCREEN"", ""referrer_screen_name"": ""MY_SUPER_PASS_MANAGE_EXAMS_MODAL"", ""goal_id"": ""string"", ""exam_name"": ""DSSSB Junior Assistant"", ""selected_language"": ""Hinglish"", ""selected_tier"": ""Junior Assistant""}",Tap 'Find Courses' -> MY_SUPER_PASS_DASHBOARD_SCREEN,https://github.com/manjot-testbook/TBAppScreens/blob/main/screenshots/CREATE_SUPER_PASS_SELECTION_SCREEN.png
SCR_59,ENROLLED_COURSE_STUDY_DASHBOARD_SCREEN,MY_SUPER_PASS_DASHBOARD_SCREEN,11. Post-Purchase Super Pass Live,screen_view,"{""event"": ""screen_view"", ""screen_name"": ""ENROLLED_COURSE_STUDY_DASHBOARD_SCREEN"", ""referrer_screen_name"": ""MY_SUPER_PASS_DASHBOARD_SCREEN"", ""course_id"": ""string"", ""course_title"": ""MISSION DSSSB Complete Live Batch"", ""batch_type"": ""live"", ""completion_percentage"": 0, ""next_activity_title"": ""Intro & Application of Grammar"", ""active_tab"": ""Dashboard""}","Tap top search icon -> ENROLLED_COURSE_SEARCH_SCREEN | Tap ""Resume Lesson"" / ""Start Lesson"" CTA -> ENROLLED_COURSE_LESSONS_TIMELINE_SCREEN | Tap ""Study Plan"" tab -> ENROLLED_COURSE_STUDY_PLAN_DAILY_SCREEN | Tap ""Downloads"" tab -> ENROLLED_COURSE_DOWNLOADS_SCREEN | Tap ""Doubts"" tab -> ENROLLED_COURSE_DOUBTS_SCREEN | Tap ""Announcements"" tab -> ENROLLED_COURSE_ANNOUNCEMENTS_SCREEN | Press back arrow -> MY_SUPER_PASS_DASHBOARD_SCREEN",https://github.com/manjot-testbook/TBAppScreens/blob/main/screenshots/ENROLLED_COURSE_STUDY_DASHBOARD_SCREEN.png
SCR_60,ENROLLED_COURSE_SEARCH_SCREEN,ENROLLED_COURSE_STUDY_DASHBOARD_SCREEN,11. Post-Purchase Super Pass Live Ecosystem,screen_view,"{""event"": ""screen_view"", ""screen_name"": ""ENROLLED_COURSE_SEARCH_SCREEN"", ""referrer_screen_name"": ""ENROLLED_COURSE_STUDY_DASHBOARD_SCREEN"", ""course_id"": ""string"", ""course_title"": ""MISSION DSSSB Complete Live Batch"", ""search_term"": ""string"", ""results_count"": 0}",Tap search result lesson -> ENROLLED_COURSE_LESSONS_TIMELINE_SCREEN | Press back arrow -> ENROLLED_COURSE_STUDY_DASHBOARD_SCREEN,https://github.com/manjot-testbook/TBAppScreens/blob/main/screenshots/ENROLLED_COURSE_SEARCH_SCREEN.png
SCR_61,ENROLLED_COURSE_LESSONS_TIMELINE_SCREEN,ENROLLED_COURSE_STUDY_DASHBOARD_SCREEN,11. Post-Purchase Super Pass Live Ecosystem,screen_view,"{""event"": ""screen_view"", ""screen_name"": ""ENROLLED_COURSE_LESSONS_TIMELINE_SCREEN"", ""referrer_screen_name"": ""ENROLLED_COURSE_STUDY_DASHBOARD_SCREEN"", ""course_id"": ""string"", ""course_title"": ""MISSION DSSSB Complete Live Batch"", ""module_id"": ""string"", ""module_title"": ""Alphabet Test"", ""activities_completed"": 0, ""total_activities"": 2}","Tap ""Video • 52 mins"" class item -> COURSE_LESSON_VIDEO_PLAYER_SCREEN | Tap ""Practice • 10 Questions"" exercise item -> ADAPTIVE_PRACTICE_INTERFACE_SCREEN | Press back arrow before completing activities -> LESSON_PROGRESS_LEAVING_MODAL",https://github.com/manjot-testbook/TBAppScreens/blob/main/screenshots/ENROLLED_COURSE_LESSONS_TIMELINE_SCREEN.png
SCR_62,UPCOMING_LIVE_LESSON_REMINDER_SCREEN,ENROLLED_COURSE_STUDY_DASHBOARD_SCREEN,11. Post-Purchase Super Pass Live Ecosystem,screen_view,"{""event"": ""screen_view"", ""screen_name"": ""UPCOMING_LIVE_LESSON_REMINDER_SCREEN"", ""referrer_screen_name"": ""ENROLLED_COURSE_STUDY_DASHBOARD_SCREEN"", ""course_id"": ""string"", ""course_title"": ""MISSION DSSSB Complete Live Batch"", ""lesson_title"": ""Latest Budget"", ""scheduled_start_time"": ""15:00"", ""is_reminder_set"": false}","Tap ""Remind Me 🔔"" button -> UPCOMING_LIVE_LESSON_REMINDER_SCREEN | Press back arrow -> ENROLLED_COURSE_STUDY_DASHBOARD_SCREEN",https://github.com/manjot-testbook/TBAppScreens/blob/main/screenshots/UPCOMING_LIVE_LESSON_REMINDER_SCREEN.png
SCR_63,COURSE_LESSON_VIDEO_PLAYER_SCREEN,ENROLLED_COURSE_LESSONS_TIMELINE_SCREEN,11. Post-Purchase Super Pass Live Ecosystem,screen_view,"{""event"": ""screen_view"", ""screen_name"": ""COURSE_LESSON_VIDEO_PLAYER_SCREEN"", ""referrer_screen_name"": ""ENROLLED_COURSE_LESSONS_TIMELINE_SCREEN"", ""course_id"": ""string"", ""course_title"": ""MISSION DSSSB Complete Live Batch"", ""lesson_id"": ""string"", ""lesson_title"": ""Intro & Application of Grammar"", ""faculty_name"": ""Kaustubh Mahadik"", ""video_duration_seconds"": 3132, ""is_live_stream"": false}","Tap ""Chat Replay"" / ""Notes"" bottom tab -> COURSE_LESSON_CHAT_REPLAY_SHEET | Tap ""Next: Practice ⏭"" CTA -> ADAPTIVE_PRACTICE_INTERFACE_SCREEN | Tap ""Pdf Notes"" action icon -> CHAPTER_PDF_NOTES_SCREEN | Press back arrow -> ENROLLED_COURSE_LESSONS_TIMELINE_SCREEN",https://github.com/manjot-testbook/TBAppScreens/blob/main/screenshots/COURSE_LESSON_VIDEO_PLAYER_SCREEN.png
SCR_64,COURSE_LESSON_CHAT_REPLAY_SHEET,COURSE_LESSON_VIDEO_PLAYER_SCREEN,11. Post-Purchase Super Pass Live Ecosystem,screen_view,"{""event"": ""screen_view"", ""screen_name"": ""COURSE_LESSON_CHAT_REPLAY_SHEET"", ""referrer_screen_name"": ""COURSE_LESSON_VIDEO_PLAYER_SCREEN"", ""course_id"": ""string"", ""lesson_id"": ""string"", ""is_chat_replay_enabled"": true, ""total_messages_count"": 184}","Tap ""Notes"" tab -> COURSE_LESSON_CHAT_REPLAY_SHEET | Swipe down / tap outside to dismiss -> COURSE_LESSON_VIDEO_PLAYER_SCREEN",https://github.com/manjot-testbook/TBAppScreens/blob/main/screenshots/COURSE_LESSON_CHAT_REPLAY_SHEET.png
SCR_65,LESSON_PROGRESS_LEAVING_MODAL,ENROLLED_COURSE_LESSONS_TIMELINE_SCREEN,11. Post-Purchase Super Pass Live Ecosystem,screen_view,"{""event"": ""screen_view"", ""screen_name"": ""LESSON_PROGRESS_LEAVING_MODAL"", ""referrer_screen_name"": ""ENROLLED_COURSE_LESSONS_TIMELINE_SCREEN"", ""course_id"": ""string"", ""lesson_id"": ""string"", ""remaining_activities_count"": 2, ""percent_students_completed"": 95}","Tap ""Continue Learning"" CTA -> COURSE_LESSON_VIDEO_PLAYER_SCREEN | Tap ""Will Complete Later"" / ""Mark as Complete"" -> ENROLLED_COURSE_STUDY_DASHBOARD_SCREEN",https://github.com/manjot-testbook/TBAppScreens/blob/main/screenshots/LESSON_PROGRESS_LEAVING_MODAL.png
SCR_66,ENROLLED_COURSE_STUDY_PLAN_DAILY_SCREEN,ENROLLED_COURSE_STUDY_DASHBOARD_SCREEN,11. Post-Purchase Super Pass Live Ecosystem,screen_view,"{""event"": ""screen_view"", ""screen_name"": ""ENROLLED_COURSE_STUDY_PLAN_DAILY_SCREEN"", ""referrer_screen_name"": ""ENROLLED_COURSE_STUDY_DASHBOARD_SCREEN"", ""course_id"": ""string"", ""course_title"": ""MISSION DSSSB Complete Live Batch"", ""active_subtab"": ""Daily Plan"", ""selected_date"": ""15th Jan, 2024"", ""daily_modules_count"": 5}","Tap ""Subjectwise"" sub-tab -> ENROLLED_COURSE_STUDY_PLAN_SUBJECTWISE_SCREEN | Tap ""Timetable"" sub-tab -> ENROLLED_COURSE_STUDY_PLAN_TIMETABLE_SCREEN | Tap date accordion item -> ENROLLED_COURSE_LESSONS_TIMELINE_SCREEN | Tap ""Dashboard"" tab -> ENROLLED_COURSE_STUDY_DASHBOARD_SCREEN",https://github.com/manjot-testbook/TBAppScreens/blob/main/screenshots/ENROLLED_COURSE_STUDY_PLAN_DAILY_SCREEN.png
SCR_67,ENROLLED_COURSE_STUDY_PLAN_SUBJECTWISE_SCREEN,ENROLLED_COURSE_STUDY_PLAN_DAILY_SCREEN,11. Post-Purchase Super Pass Live Ecosystem,screen_view,"{""event"": ""screen_view"", ""screen_name"": ""ENROLLED_COURSE_STUDY_PLAN_SUBJECTWISE_SCREEN"", ""referrer_screen_name"": ""ENROLLED_COURSE_STUDY_PLAN_DAILY_SCREEN"", ""course_id"": ""string"", ""course_title"": ""MISSION DSSSB Complete Live Batch"", ""active_subtab"": ""Subjectwise"", ""total_subjects_count"": 6}","Tap ""Daily Plan"" sub-tab -> ENROLLED_COURSE_STUDY_PLAN_DAILY_SCREEN | Tap ""Timetable"" sub-tab -> ENROLLED_COURSE_STUDY_PLAN_TIMETABLE_SCREEN | Tap any subject topic item -> ENROLLED_COURSE_LESSONS_TIMELINE_SCREEN",https://github.com/manjot-testbook/TBAppScreens/blob/main/screenshots/ENROLLED_COURSE_STUDY_PLAN_SUBJECTWISE_SCREEN.png
SCR_68,ENROLLED_COURSE_STUDY_PLAN_TIMETABLE_SCREEN,ENROLLED_COURSE_STUDY_PLAN_DAILY_SCREEN,11. Post-Purchase Super Pass Live Ecosystem,screen_view,"{""event"": ""screen_view"", ""screen_name"": ""ENROLLED_COURSE_STUDY_PLAN_TIMETABLE_SCREEN"", ""referrer_screen_name"": ""ENROLLED_COURSE_STUDY_PLAN_DAILY_SCREEN"", ""course_id"": ""string"", ""course_title"": ""MISSION DSSSB Complete Live Batch"", ""active_subtab"": ""Timetable"", ""active_week_range"": ""01 Jun - 07 Jun""}","Tap ""Daily Plan"" sub-tab -> ENROLLED_COURSE_STUDY_PLAN_DAILY_SCREEN | Tap ""Subjectwise"" sub-tab -> ENROLLED_COURSE_STUDY_PLAN_SUBJECTWISE_SCREEN",https://github.com/manjot-testbook/TBAppScreens/blob/main/screenshots/ENROLLED_COURSE_STUDY_PLAN_TIMETABLE_SCREEN.png
SCR_69,ENROLLED_COURSE_DOWNLOADS_SCREEN,ENROLLED_COURSE_STUDY_DASHBOARD_SCREEN,11. Post-Purchase Super Pass Live Ecosystem,screen_view,"{""event"": ""screen_view"", ""screen_name"": ""ENROLLED_COURSE_DOWNLOADS_SCREEN"", ""referrer_screen_name"": ""ENROLLED_COURSE_STUDY_DASHBOARD_SCREEN"", ""course_id"": ""string"", ""course_title"": ""MISSION DSSSB Complete Live Batch"", ""total_downloads_count"": 0, ""offline_storage_bytes"": 0}","Tap ""Dashboard"" tab -> ENROLLED_COURSE_STUDY_DASHBOARD_SCREEN | Press back arrow -> MY_SUPER_PASS_DASHBOARD_SCREEN",https://github.com/manjot-testbook/TBAppScreens/blob/main/screenshots/ENROLLED_COURSE_DOWNLOADS_SCREEN.png
SCR_70,ENROLLED_COURSE_DOUBTS_SCREEN,ENROLLED_COURSE_STUDY_DASHBOARD_SCREEN,11. Post-Purchase Super Pass Live Ecosystem,screen_view,"{""event"": ""screen_view"", ""screen_name"": ""ENROLLED_COURSE_DOUBTS_SCREEN"", ""referrer_screen_name"": ""ENROLLED_COURSE_STUDY_DASHBOARD_SCREEN"", ""course_id"": ""string"", ""course_title"": ""MISSION DSSSB Complete Live Batch"", ""active_doubt_filter"": ""All Doubts"", ""total_doubts_count"": 48}","Tap ""Ask your Doubt"" [📷] -> COURSE_ASK_A_DOUBT_SCREEN | Tap ""Dashboard"" tab -> ENROLLED_COURSE_STUDY_DASHBOARD_SCREEN | Press back arrow -> MY_SUPER_PASS_DASHBOARD_SCREEN",https://github.com/manjot-testbook/TBAppScreens/blob/main/screenshots/ENROLLED_COURSE_DOUBTS_SCREEN.png
SCR_71,COURSE_ASK_A_DOUBT_SCREEN,ENROLLED_COURSE_DOUBTS_SCREEN,11. Post-Purchase Super Pass Live Ecosystem,screen_view,"{""event"": ""screen_view"", ""screen_name"": ""COURSE_ASK_A_DOUBT_SCREEN"", ""referrer_screen_name"": ""ENROLLED_COURSE_DOUBTS_SCREEN"", ""course_id"": ""string"", ""course_title"": ""MISSION DSSSB Complete Live Batch"", ""subject_name"": ""Quantitative aptitude"", ""has_image_attached"": false}","Tap ""NEXT"" submit CTA -> ENROLLED_COURSE_DOUBTS_SCREEN | Tap close icon [✕] -> ENROLLED_COURSE_DOUBTS_SCREEN",https://github.com/manjot-testbook/TBAppScreens/blob/main/screenshots/COURSE_ASK_A_DOUBT_SCREEN.png
SCR_72,ENROLLED_COURSE_ANNOUNCEMENTS_SCREEN,ENROLLED_COURSE_STUDY_DASHBOARD_SCREEN,11. Post-Purchase Super Pass Live Ecosystem,screen_view,"{""event"": ""screen_view"", ""screen_name"": ""ENROLLED_COURSE_ANNOUNCEMENTS_SCREEN"", ""referrer_screen_name"": ""ENROLLED_COURSE_STUDY_DASHBOARD_SCREEN"", ""course_id"": ""string"", ""course_title"": ""MISSION DSSSB Complete Live Batch"", ""total_announcements_count"": 0}","Tap ""Dashboard"" tab -> ENROLLED_COURSE_STUDY_DASHBOARD_SCREEN | Press back arrow -> MY_SUPER_PASS_DASHBOARD_SCREEN",https://github.com/manjot-testbook/TBAppScreens/blob/main/screenshots/ENROLLED_COURSE_ANNOUNCEMENTS_SCREEN.png
SCR_73,MY_SUPER_PASS_TEST_SERIES_SCREEN,MY_SUPER_PASS_OFFERINGS_SCREEN,11. Post-Purchase Super Pass Live,screen_view,"{""event"": ""screen_view"", ""screen_name"": ""MY_SUPER_PASS_TEST_SERIES_SCREEN"", ""referrer_screen_name"": ""MY_SUPER_PASS_OFFERINGS_SCREEN"", ""goal_id"": ""string"", ""goal_name"": ""DSSSB Junior Assistant"", ""test_series_count"": 2, ""pyp_count"": 1}",Tap any test series card -> TEST_SERIES_OVERVIEW_SCREEN | Press back arrow -> MY_SUPER_PASS_DASHBOARD_SCREEN,https://github.com/manjot-testbook/TBAppScreens/blob/main/screenshots/MY_SUPER_PASS_TEST_SERIES_SCREEN.png
SCR_74,MY_SUPER_PASS_STUDY_NOTES_SCREEN,MY_SUPER_PASS_OFFERINGS_SCREEN,11. Post-Purchase Super Pass Live,screen_view,"{""event"": ""screen_view"", ""screen_name"": ""MY_SUPER_PASS_STUDY_NOTES_SCREEN"", ""referrer_screen_name"": ""MY_SUPER_PASS_OFFERINGS_SCREEN"", ""goal_id"": ""string"", ""goal_name"": ""DSSSB Junior Assistant"", ""recently_viewed_chapter"": ""Analogy"", ""total_subjects"": 4}",Tap 'Resume' on chapter -> CHAPTER_PDF_NOTES_SCREEN | Press back arrow -> MY_SUPER_PASS_DASHBOARD_SCREEN,https://github.com/manjot-testbook/TBAppScreens/blob/main/screenshots/MY_SUPER_PASS_STUDY_NOTES_SCREEN.png
SCR_75,MY_SUPER_PASS_PRACTICE_SCREEN,MY_SUPER_PASS_OFFERINGS_SCREEN,11. Post-Purchase Super Pass Live,screen_view,"{""event"": ""screen_view"", ""screen_name"": ""MY_SUPER_PASS_PRACTICE_SCREEN"", ""referrer_screen_name"": ""MY_SUPER_PASS_OFFERINGS_SCREEN"", ""goal_id"": ""string"", ""goal_name"": ""DSSSB Junior Assistant"", ""active_chapter"": ""Analogy"", ""user_accuracy_pct"": 100, ""user_speed_seconds"": 33}",Tap 'Resume' on chapter -> ADAPTIVE_PRACTICE_INTERFACE_SCREEN | Press back arrow -> MY_SUPER_PASS_DASHBOARD_SCREEN,https://github.com/manjot-testbook/TBAppScreens/blob/main/screenshots/MY_SUPER_PASS_PRACTICE_SCREEN.png
SCR_76,MY_SUPER_PASS_TEACHERS_SCREEN,MY_SUPER_PASS_OFFERINGS_SCREEN,11. Post-Purchase Super Pass Live,screen_view,"{""event"": ""screen_view"", ""screen_name"": ""MY_SUPER_PASS_TEACHERS_SCREEN"", ""referrer_screen_name"": ""MY_SUPER_PASS_OFFERINGS_SCREEN"", ""goal_id"": ""string"", ""goal_name"": ""DSSSB Junior Assistant"", ""faculty_count"": 7}",Tap teacher card -> INDIVIDUAL_TEACHER_DETAILS_SCREEN | Press back arrow -> MY_SUPER_PASS_DASHBOARD_SCREEN,https://github.com/manjot-testbook/TBAppScreens/blob/main/screenshots/MY_SUPER_PASS_TEACHERS_SCREEN.png
SCR_77,CURRENT_AFFAIRS_DIGEST_SCREEN,HAMBURGER_DRAWER_NAVIGATION_SCREEN,12. Daily Retention & Utilities,screen_view,"{""event"": ""screen_view"", ""screen_name"": ""CURRENT_AFFAIRS_DIGEST_SCREEN"", ""referrer_screen_name"": ""HAMBURGER_DRAWER_NAVIGATION_SCREEN"", ""selected_date"": ""Today"", ""language"": ""English"", ""total_articles_count"": 10}",Tap 'Saved News' -> SAVED_NEWS_BOOKMARKS_SCREEN | Tap news card to read full article -> BLOG_ARTICLE_READER_SCREEN | Press back arrow -> HOME_FEED_DASHBOARD_SCREEN,https://github.com/manjot-testbook/TBAppScreens/blob/main/screenshots/SCR_CURRENT_AFFAIRS.png
SCR_78,SAVED_NEWS_BOOKMARKS_SCREEN,CURRENT_AFFAIRS_DIGEST_SCREEN,12. Daily Retention & Utilities,screen_view,"{""event"": ""screen_view"", ""screen_name"": ""SAVED_NEWS_BOOKMARKS_SCREEN"", ""referrer_screen_name"": ""CURRENT_AFFAIRS_DIGEST_SCREEN"", ""total_bookmarks_count"": 3, ""category"": ""all""}",Press back arrow -> CURRENT_AFFAIRS_DIGEST_SCREEN,https://github.com/manjot-testbook/TBAppScreens/blob/main/screenshots/SCR_CA_BOOKMARKS.png
SCR_79,BLOG_ARTICLE_READER_SCREEN,CURRENT_AFFAIRS_DIGEST_SCREEN,12. Daily Retention & Utilities,screen_view,"{""event"": ""screen_view"", ""screen_name"": ""BLOG_ARTICLE_READER_SCREEN"", ""referrer_screen_name"": ""CURRENT_AFFAIRS_DIGEST_SCREEN"", ""article_id"": ""string"", ""article_title"": ""SSC JE Vacancy 2025-26"", ""category_name"": ""SSC Exams"", ""read_time_mins"": 5}",Press back arrow -> CURRENT_AFFAIRS_DIGEST_SCREEN,https://github.com/manjot-testbook/TBAppScreens/blob/main/screenshots/BLOG_ARTICLE_READER_SCREEN.png
SCR_80,REFER_AND_EARN_SCREEN,HAMBURGER_DRAWER_NAVIGATION_SCREEN,12. Daily Retention & Utilities,screen_view,"{""event"": ""screen_view"", ""screen_name"": ""REFER_AND_EARN_SCREEN"", ""referrer_screen_name"": ""HAMBURGER_DRAWER_NAVIGATION_SCREEN"", ""is_paid_user"": true, ""referral_code"": ""TESTBOOK10"", ""total_cashback_earned"": 250, ""payout_pending"": 0}",Press back arrow -> HOME_FEED_DASHBOARD_SCREEN,https://github.com/manjot-testbook/TBAppScreens/blob/main/screenshots/SCR_REFER_AND_EARN.png
SCR_81,TRANSACTIONS_LIST_SCREEN,HAMBURGER_DRAWER_NAVIGATION_SCREEN,12. Daily Retention & Utilities,screen_view,"{""event"": ""screen_view"", ""screen_name"": ""TRANSACTIONS_LIST_SCREEN"", ""referrer_screen_name"": ""HAMBURGER_DRAWER_NAVIGATION_SCREEN"", ""total_orders_count"": 2, ""has_pending_transaction"": false}",Tap any transaction row -> ORDER_RECEIPT_SCREEN | Press back arrow -> HOME_FEED_DASHBOARD_SCREEN,https://github.com/manjot-testbook/TBAppScreens/blob/main/screenshots/SCR_TRANSACTIONS.png
SCR_82,ORDER_RECEIPT_SCREEN,TRANSACTIONS_LIST_SCREEN,12. Daily Retention & Utilities,screen_view,"{""event"": ""screen_view"", ""screen_name"": ""ORDER_RECEIPT_SCREEN"", ""referrer_screen_name"": ""TRANSACTIONS_LIST_SCREEN"", ""order_id"": ""string"", ""transaction_id"": ""string"", ""product_name"": ""Yearly Testbook Pass"", ""amount_paid"": 749, ""payment_method"": ""UPI QR""}",Press back arrow -> TRANSACTIONS_LIST_SCREEN,https://github.com/manjot-testbook/TBAppScreens/blob/main/screenshots/SCR_TRANSACTION_RECEIPT.png
SCR_83,APP_SETTINGS_SCREEN,HAMBURGER_DRAWER_NAVIGATION_SCREEN,12. Daily Retention & Utilities,screen_view,"{""event"": ""screen_view"", ""screen_name"": ""APP_SETTINGS_SCREEN"", ""referrer_screen_name"": ""HAMBURGER_DRAWER_NAVIGATION_SCREEN"", ""app_version"": ""9.11.2"", ""theme_mode"": ""dark"", ""app_language"": ""English""}",Tap 'Pass' tab -> SETTINGS_PASS_TAB_SCREEN | Press back arrow -> HOME_FEED_DASHBOARD_SCREEN,https://github.com/manjot-testbook/TBAppScreens/blob/main/screenshots/APP_SETTINGS_SCREEN.png
SCR_84,SETTINGS_PASS_TAB_SCREEN,APP_SETTINGS_SCREEN,12. Daily Retention & Utilities,screen_view,"{""event"": ""screen_view"", ""screen_name"": ""SETTINGS_PASS_TAB_SCREEN"", ""referrer_screen_name"": ""APP_SETTINGS_SCREEN"", ""active_pass_tier"": ""Pass Pro"", ""pass_expiry_date"": ""2026-10-01"", ""days_left"": 2, ""auto_renewal_enabled"": false}",Tap 'Renew Pass' -> TESTBOOK_PASS_LANDING_PAYWALL | Press back arrow -> APP_SETTINGS_SCREEN,https://github.com/manjot-testbook/TBAppScreens/blob/main/screenshots/SETTINGS_PASS_TAB_SCREEN.png
SCR_85,USER_SETTINGS_SCREEN,HAMBURGER_DRAWER_NAVIGATION_SCREEN,12. Daily Retention & Utilities,screen_view,"{""event"": ""screen_view"", ""screen_name"": ""USER_SETTINGS_SCREEN"", ""referrer_screen_name"": ""HAMBURGER_DRAWER_NAVIGATION_SCREEN"", ""user_id"": ""string"", ""is_phone_verified"": true, ""is_email_verified"": true}",Press back arrow -> HOME_FEED_DASHBOARD_SCREEN,https://github.com/manjot-testbook/TBAppScreens/blob/main/screenshots/SCR_USER_SETTINGS.png
SCR_86,APP_LANGUAGE_SCREEN,HAMBURGER_DRAWER_NAVIGATION_SCREEN,12. Daily Retention & Utilities,screen_view,"{""event"": ""screen_view"", ""screen_name"": ""APP_LANGUAGE_SCREEN"", ""referrer_screen_name"": ""HAMBURGER_DRAWER_NAVIGATION_SCREEN"", ""current_language"": ""English"", ""available_languages_count"": 10}",Select language and save -> HOME_FEED_DASHBOARD_SCREEN,https://github.com/manjot-testbook/TBAppScreens/blob/main/screenshots/SCR_APP_LANGUAGE.png
